Date,Children apprehended and placed in CBP custody*,Children in CBP custody,Children transferred out of CBP custody,Children in HHS Care,Children discharged from HHS Care,Year,Month,Quarter
2021-03-23,0.0,0.0,0.0,11551,209,2021,March,1
2021-03-24,0.0,0.0,0.0,11900,268,2021,March,1
2021-03-25,0.0,0.0,0.0,12551,280,2021,March,1
2021-03-28,0.0,0.0,0.0,11886,248,2021,March,1
2021-03-29,0.0,0.0,0.0,12035,229,2021,March,1
2021-03-30,0.0,0.0,0.0,12918,215,2021,March,1
2021-03-31,0.0,0.0,0.0,13204,244,2021,March,1
2021-04-01,0.0,0.0,0.0,13359,288,2021,April,2
2021-04-04,0.0,0.0,0.0,14287,242,2021,April,2
2021-04-05,0.0,0.0,0.0,15193,239,2021,April,2
2021-04-06,0.0,0.0,0.0,16045,282,2021,April,2
2021-04-07,0.0,0.0,0.0,16489,342,2021,April,2
2021-04-08,0.0,0.0,0.0,16941,301,2021,April,2
2021-04-11,0.0,0.0,0.0,18027,228,2021,April,2
2021-04-12,0.0,0.0,0.0,18773,243,2021,April,2
2021-04-13,0.0,0.0,0.0,19120,303,2021,April,2
2021-04-14,0.0,0.0,0.0,19537,356,2021,April,2
2021-04-15,0.0,0.0,0.0,19798,374,2021,April,2
2021-04-18,0.0,0.0,0.0,20346,266,2021,April,2
2021-04-19,0.0,0.0,0.0,20468,260,2021,April,2
2021-04-20,0.0,0.0,0.0,20544,335,2021,April,2
2021-04-21,0.0,0.0,0.0,20544,335,2021,April,2
2021-04-22,0.0,0.0,0.0,21272,401,2021,April,2
2021-04-25,0.0,0.0,0.0,21956,379,2021,April,2
2021-04-26,0.0,0.0,0.0,22103,349,2021,April,2
2021-04-27,0.0,0.0,0.0,22276,472,2021,April,2
2021-04-28,0.0,0.0,0.0,22538,413,2021,April,2
2021-04-29,0.0,0.0,0.0,22557,580,2021,April,2
2021-05-02,0.0,0.0,0.0,22264,485,2021,May,2
2021-05-04,0.0,0.0,0.0,22174,420,2021,May,2
2021-05-05,0.0,0.0,0.0,21848,708,2021,May,2
2021-05-06,0.0,0.0,0.0,21563,775,2021,May,2
2021-05-09,0.0,0.0,0.0,20888,558,2021,May,2
2021-05-10,0.0,0.0,0.0,20669,559,2021,May,2
2021-05-11,0.0,0.0,0.0,20519,583,2021,May,2
2021-05-12,0.0,0.0,0.0,20397,431,2021,May,2
2021-05-13,0.0,0.0,0.0,20060,595,2021,May,2
2021-05-16,0.0,0.0,0.0,19449,474,2021,May,2
2021-05-17,0.0,0.0,0.0,19343,427,2021,May,2
2021-05-18,0.0,0.0,0.0,19387,444,2021,May,2
2021-05-19,0.0,0.0,0.0,19334,577,2021,May,2
2021-05-20,0.0,0.0,0.0,19171,518,2021,May,2
2021-05-23,0.0,0.0,0.0,18187,729,2021,May,2
2021-05-24,0.0,0.0,0.0,18122,454,2021,May,2
2021-05-25,0.0,0.0,0.0,18168,284,2021,May,2
2021-05-26,0.0,0.0,0.0,17847,640,2021,May,2
2021-05-27,0.0,0.0,0.0,17670,559,2021,May,2
2021-05-31,0.0,0.0,0.0,17042,323,2021,May,2
2021-06-01,0.0,0.0,0.0,16874,547,2021,June,2
2021-06-02,0.0,0.0,0.0,16763,507,2021,June,2
2021-06-03,0.0,0.0,0.0,16513,605,2021,June,2
2021-06-06,0.0,0.0,0.0,16037,566,2021,June,2
2021-06-07,0.0,0.0,0.0,16264,407,2021,June,2
2021-06-08,0.0,0.0,0.0,16250,300,2021,June,2
2021-06-09,0.0,0.0,0.0,16190,445,2021,June,2
2021-06-10,0.0,0.0,0.0,16035,575,2021,June,2
2021-06-13,0.0,0.0,0.0,15330,729,2021,June,2
2021-06-14,0.0,0.0,0.0,15365,412,2021,June,2
2021-06-15,0.0,0.0,0.0,15341,398,2021,June,2
2021-06-16,0.0,0.0,0.0,15308,427,2021,June,2
2021-06-20,0.0,0.0,0.0,14467,605,2021,June,2
2021-06-21,0.0,0.0,0.0,14661,411,2021,June,2
2021-06-22,0.0,0.0,0.0,14894,350,2021,June,2
2021-06-23,0.0,0.0,0.0,14596,698,2021,June,2
2021-06-24,0.0,0.0,0.0,14837,491,2021,June,2
2021-06-27,0.0,0.0,0.0,14233,678,2021,June,2
2021-06-28,0.0,0.0,0.0,14465,413,2021,June,2
2021-06-29,0.0,0.0,0.0,14738,370,2021,June,2
2021-06-30,0.0,0.0,0.0,14739,419,2021,June,2
2021-07-01,0.0,0.0,0.0,14416,623,2021,July,3
2021-07-05,0.0,0.0,0.0,14539,468,2021,July,3
2021-07-06,0.0,0.0,0.0,14852,356,2021,July,3
2021-07-07,0.0,0.0,0.0,14842,374,2021,July,3
2021-07-08,0.0,0.0,0.0,14788,540,2021,July,3
2021-07-11,0.0,0.0,0.0,15004,343,2021,July,3
2021-07-12,0.0,0.0,0.0,15100,428,2021,July,3
2021-07-13,0.0,0.0,0.0,15177,355,2021,July,3
2021-07-14,0.0,0.0,0.0,15112,452,2021,July,3
2021-07-15,0.0,0.0,0.0,19920,611,2021,July,3
2021-07-18,0.0,0.0,0.0,14288,689,2021,July,3
2021-07-19,0.0,0.0,0.0,14319,467,2021,July,3
2021-07-20,0.0,0.0,0.0,14186,466,2021,July,3
2021-07-21,0.0,0.0,0.0,14278,528,2021,July,3
2021-07-22,0.0,0.0,0.0,14153,762,2021,July,3
2021-07-25,0.0,0.0,0.0,13663,673,2021,July,3
2021-07-26,0.0,0.0,0.0,13752,338,2021,July,3
2021-07-27,0.0,0.0,0.0,13833,461,2021,July,3
2021-07-28,0.0,0.0,0.0,13943,484,2021,July,3
2021-07-29,0.0,0.0,0.0,14013,524,2021,July,3
2021-08-01,0.0,0.0,0.0,14130,590,2021,August,3
2021-08-02,0.0,0.0,0.0,14365,253,2021,August,3
2021-08-03,0.0,0.0,0.0,14609,360,2021,August,3
2021-08-04,0.0,0.0,0.0,14523,612,2021,August,3
2021-08-05,0.0,0.0,0.0,14781,582,2021,August,3
2021-08-08,0.0,0.0,0.0,15282,578,2021,August,3
2021-08-09,0.0,0.0,0.0,15660,364,2021,August,3
2021-08-10,0.0,0.0,0.0,16033,474,2021,August,3
2021-08-11,0.0,0.0,0.0,16492,455,2021,August,3
2021-08-12,0.0,0.0,0.0,16282,743,2021,August,3
2021-08-15,0.0,0.0,0.0,16205,507,2021,August,3
2021-08-16,0.0,0.0,0.0,16376,381,2021,August,3
2021-08-17,0.0,0.0,0.0,16216,671,2021,August,3
2021-08-18,0.0,0.0,0.0,16147,410,2021,August,3
2021-08-19,0.0,0.0,0.0,15735,827,2021,August,3
2021-08-22,0.0,0.0,0.0,15655,346,2021,August,3
2021-08-23,0.0,0.0,0.0,15452,627,2021,August,3
2021-08-24,0.0,0.0,0.0,15185,642,2021,August,3
2021-08-25,0.0,0.0,0.0,14894,719,2021,August,3
2021-08-26,0.0,0.0,0.0,15131,634,2021,August,3
2021-08-29,0.0,0.0,0.0,14944,450,2021,August,3
2021-08-30,0.0,0.0,0.0,14840,552,2021,August,3
2021-08-31,0.0,0.0,0.0,14911,408,2021,August,3
2021-09-01,0.0,0.0,0.0,14946,420,2021,September,3
2021-09-02,0.0,0.0,0.0,14851,679,2021,September,3
2021-09-06,0.0,0.0,0.0,14288,471,2021,September,3
2021-09-07,0.0,0.0,0.0,14192,402,2021,September,3
2021-09-08,0.0,0.0,0.0,13973,548,2021,September,3
2021-09-09,0.0,0.0,0.0,13598,706,2021,September,3
2021-09-12,0.0,0.0,0.0,13393,406,2021,September,3
2021-09-13,0.0,0.0,0.0,13273,558,2021,September,3
2021-09-14,0.0,0.0,0.0,13348,426,2021,September,3
2021-09-15,0.0,0.0,0.0,13179,527,2021,September,3
2021-09-16,0.0,0.0,0.0,13109,484,2021,September,3
2021-09-19,0.0,0.0,0.0,12784,387,2021,September,3
2021-09-20,0.0,0.0,0.0,12724,426,2021,September,3
2021-09-21,0.0,0.0,0.0,12759,376,2021,September,3
2021-09-22,0.0,0.0,0.0,12903,523,2021,September,3
2021-09-23,0.0,0.0,0.0,12696,580,2021,September,3
2021-09-26,0.0,0.0,0.0,12440,371,2021,September,3
2021-09-27,0.0,0.0,0.0,12452,531,2021,September,3
2021-09-28,0.0,0.0,0.0,12459,321,2021,September,3
2021-09-29,0.0,0.0,0.0,12273,644,2021,September,3
2021-09-30,0.0,0.0,0.0,12337,476,2021,September,3
2021-10-03,0.0,0.0,0.0,11987,599,2021,October,4
2021-10-04,0.0,0.0,0.0,12047,317,2021,October,4
2021-10-05,0.0,0.0,0.0,11923,413,2021,October,4
2021-10-06,0.0,0.0,0.0,11745,470,2021,October,4
2021-10-07,0.0,0.0,0.0,11500,520,2021,October,4
2021-10-11,0.0,0.0,0.0,11404,228,2021,October,4
2021-10-12,0.0,0.0,0.0,11464,306,2021,October,4
2021-10-13,0.0,0.0,0.0,11236,536,2021,October,4
2021-10-14,0.0,0.0,0.0,11161,418,2021,October,4
2021-10-17,0.0,0.0,0.0,10899,322,2021,October,4
2021-10-18,0.0,0.0,0.0,10894,314,2021,October,4
2021-10-19,0.0,0.0,0.0,10972,235,2021,October,4
2021-10-20,0.0,0.0,0.0,10951,337,2021,October,4
2021-10-21,0.0,0.0,0.0,10964,386,2021,October,4
2021-10-24,0.0,0.0,0.0,10759,351,2021,October,4
2021-10-25,0.0,0.0,0.0,10857,253,2021,October,4
2021-10-26,0.0,0.0,0.0,10974,269,2021,October,4
2021-10-27,0.0,0.0,0.0,10926,317,2021,October,4
2021-10-28,0.0,0.0,0.0,10926,317,2021,October,4
2021-10-31,0.0,0.0,0.0,10680,299,2021,October,4
2021-11-01,0.0,0.0,0.0,10834,230,2021,November,4
2021-11-02,0.0,0.0,0.0,10997,264,2021,November,4
2021-11-03,0.0,0.0,0.0,11121,367,2021,November,4
2021-11-04,0.0,0.0,0.0,11183,420,2021,November,4
2021-11-07,0.0,0.0,0.0,11139,322,2021,November,4
2021-11-08,0.0,0.0,0.0,11372,267,2021,November,4
2021-11-09,0.0,0.0,0.0,11742,209,2021,November,4
2021-11-11,0.0,0.0,0.0,11744,346,2021,November,4
2021-11-14,0.0,0.0,0.0,11672,284,2021,November,4
2021-11-15,0.0,0.0,0.0,11759,271,2021,November,4
2021-11-16,0.0,0.0,0.0,11955,263,2021,November,4
2021-11-17,0.0,0.0,0.0,11870,414,2021,November,4
2021-11-18,0.0,0.0,0.0,11928,390,2021,November,4
2021-11-21,0.0,0.0,0.0,11934,375,2021,November,4
2021-11-22,0.0,0.0,0.0,12031,310,2021,November,4
2021-11-28,0.0,0.0,0.0,12335,310,2021,November,4
2021-11-29,0.0,0.0,0.0,12617,160,2021,November,4
2021-11-30,0.0,0.0,0.0,12957,204,2021,November,4
2021-12-01,0.0,0.0,0.0,12997,421,2021,December,4
2021-12-02,0.0,0.0,0.0,12867,511,2021,December,4
2021-12-05,0.0,0.0,0.0,12549,427,2021,December,4
2021-12-06,0.0,0.0,0.0,12860,412,2021,December,4
2021-12-07,0.0,0.0,0.0,13248,288,2021,December,4
2021-12-08,0.0,0.0,0.0,13152,420,2021,December,4
2021-12-09,0.0,0.0,0.0,13072,512,2021,December,4
2021-12-12,0.0,0.0,0.0,12779,354,2021,December,4
2021-12-13,0.0,0.0,0.0,12662,400,2021,December,4
2021-12-14,0.0,0.0,0.0,12739,321,2021,December,4
2021-12-15,0.0,0.0,0.0,12624,482,2021,December,4
2021-12-16,0.0,0.0,0.0,12401,519,2021,December,4
2021-12-19,0.0,0.0,0.0,11904,571,2021,December,4
2021-12-20,0.0,0.0,0.0,11995,379,2021,December,4
2021-12-21,0.0,0.0,0.0,11997,385,2021,December,4
2021-12-22,0.0,0.0,0.0,11949,438,2021,December,4
2021-12-27,0.0,0.0,0.0,11295,217,2021,December,4
2021-12-28,0.0,0.0,0.0,11227,232,2021,December,4
2021-12-29,0.0,0.0,0.0,11099,333,2021,December,4
2022-01-02,0.0,0.0,0.0,9980,261,2022,January,1
2022-01-03,0.0,0.0,0.0,9872,186,2022,January,1
2022-01-04,0.0,0.0,0.0,9614,331,2022,January,1
2022-01-05,0.0,0.0,0.0,9454,266,2022,January,1
2022-01-06,0.0,0.0,0.0,9280,283,2022,January,1
2022-01-09,0.0,0.0,0.0,8503,284,2022,January,1
2022-01-10,0.0,0.0,0.0,8276,302,2022,January,1
2021-01-11,0.0,0.0,0.0,8150,212,2021,January,1
2022-01-12,0.0,0.0,0.0,8071,201,2022,January,1
2022-01-13,0.0,0.0,0.0,7949,257,2022,January,1
2022-01-17,0.0,0.0,0.0,7924,150,2022,January,1
2022-01-18,0.0,0.0,0.0,8045,121,2022,January,1
2022-01-19,0.0,0.0,0.0,8147,214,2022,January,1
2022-01-20,0.0,0.0,0.0,8254,256,2022,January,1
2022-01-23,0.0,0.0,0.0,8525,212,2022,January,1
2022-01-24,0.0,0.0,0.0,8783,151,2022,January,1
2022-01-25,0.0,0.0,0.0,8970,169,2022,January,1
2022-01-26,0.0,0.0,0.0,9045,217,2022,January,1
2022-01-27,0.0,0.0,0.0,9096,242,2022,January,1
2022-01-30,0.0,0.0,0.0,9361,277,2022,January,1
2022-01-31,0.0,0.0,0.0,9307,296,2022,January,1
2022-02-01,0.0,0.0,0.0,9351,214,2022,February,1
2022-02-02,0.0,0.0,0.0,9525,201,2022,February,1
2022-02-03,0.0,0.0,0.0,9643,150,2022,February,1
2022-02-06,0.0,0.0,0.0,9543,401,2022,February,1
2022-02-07,0.0,0.0,0.0,9487,392,2022,February,1
2022-02-08,0.0,0.0,0.0,9584,294,2022,February,1
2022-02-09,0.0,0.0,0.0,9540,276,2022,February,1
2022-02-10,0.0,0.0,0.0,9596,403,2022,February,1
2022-02-13,0.0,0.0,0.0,9465,307,2022,February,1
2022-02-14,0.0,0.0,0.0,9614,297,2022,February,1
2022-02-15,0.0,0.0,0.0,9757,233,2022,February,1
2022-02-16,0.0,0.0,0.0,9781,289,2022,February,1
2022-02-17,0.0,0.0,0.0,9808,346,2022,February,1
2022-02-21,0.0,0.0,0.0,9801,243,2022,February,1
2022-02-22,0.0,0.0,0.0,9955,204,2022,February,1
2022-02-23,0.0,0.0,0.0,10020,287,2022,February,1
2022-02-24,0.0,0.0,0.0,10049,259,2022,February,1
2022-02-27,0.0,0.0,0.0,10032,398,2022,February,1
2022-02-28,0.0,0.0,0.0,10107,334,2022,February,1
2022-03-01,0.0,0.0,0.0,9981,374,2022,March,1
2022-03-02,0.0,0.0,0.0,9964,402,2022,March,1
2022-03-03,0.0,0.0,0.0,9938,431,2022,March,1
2022-03-06,0.0,0.0,0.0,9633,343,2022,March,1
2022-03-07,0.0,0.0,0.0,9634,355,2022,March,1
2022-03-08,0.0,0.0,0.0,9781,292,2022,March,1
2022-03-09,0.0,0.0,0.0,9783,369,2022,March,1
2022-03-10,0.0,0.0,0.0,9824,359,2022,March,1
2022-03-13,0.0,0.0,0.0,9767,324,2022,March,1
2022-03-14,0.0,0.0,0.0,9825,316,2022,March,1
2022-03-15,0.0,0.0,0.0,9909,323,2022,March,1
2022-03-16,0.0,0.0,0.0,10012,295,2022,March,1
2022-03-17,0.0,0.0,0.0,9968,363,2022,March,1
2022-03-20,0.0,0.0,0.0,10018,279,2022,March,1
2022-03-21,0.0,0.0,0.0,10031,353,2022,March,1
2022-03-22,0.0,0.0,0.0,10158,210,2022,March,1
2022-03-23,0.0,0.0,0.0,10351,310,2022,March,1
2022-03-24,0.0,0.0,0.0,10278,356,2022,March,1
2022-03-27,0.0,0.0,0.0,10101,332,2022,March,1
2022-03-28,0.0,0.0,0.0,10140,344,2022,March,1
2022-03-29,0.0,0.0,0.0,10248,261,2022,March,1
2022-03-30,0.0,0.0,0.0,10293,298,2022,March,1
2022-03-31,0.0,0.0,0.0,10465,306,2022,March,1
2022-04-03,0.0,0.0,0.0,10326,467,2022,April,2
2022-04-04,0.0,0.0,0.0,10448,271,2022,April,2
2022-04-05,0.0,0.0,0.0,10370,422,2022,April,2
2022-04-06,0.0,0.0,0.0,10364,361,2022,April,2
2022-04-07,0.0,0.0,0.0,10328,389,2022,April,2
2022-04-10,0.0,0.0,0.0,9974,350,2022,April,2
2022-04-11,0.0,0.0,0.0,9801,429,2022,April,2
2022-04-12,0.0,0.0,0.0,9905,298,2022,April,2
2022-04-13,0.0,0.0,0.0,9934,328,2022,April,2
2022-04-14,0.0,0.0,0.0,9748,521,2022,April,2
2022-04-17,0.0,0.0,0.0,9478,300,2022,April,2
2022-04-18,0.0,0.0,0.0,9421,383,2022,April,2
2022-04-19,0.0,0.0,0.0,9412,247,2022,April,2
2022-04-20,0.0,0.0,0.0,9419,287,2022,April,2
2022-04-21,0.0,0.0,0.0,9274,450,2022,April,2
2022-04-24,0.0,0.0,0.0,8785,410,2022,April,2
2022-04-25,0.0,0.0,0.0,8725,344,2022,April,2
2022-04-26,0.0,0.0,0.0,8741,274,2022,April,2
2022-04-27,0.0,0.0,0.0,8675,340,2022,April,2
2022-04-28,0.0,0.0,0.0,8608,363,2022,April,2
2022-05-01,0.0,0.0,0.0,8376,472,2022,May,2
2022-05-02,0.0,0.0,0.0,8390,321,2022,May,2
2022-05-03,0.0,0.0,0.0,8437,232,2022,May,2
2022-05-04,0.0,0.0,0.0,8488,266,2022,May,2
2022-05-05,0.0,0.0,0.0,8385,406,2022,May,2
2022-05-08,0.0,0.0,0.0,8385,387,2022,May,2
2022-05-09,0.0,0.0,0.0,8574,181,2022,May,2
2022-05-10,0.0,0.0,0.0,8654,348,2022,May,2
2022-05-11,0.0,0.0,0.0,8826,241,2022,May,2
2022-05-12,0.0,0.0,0.0,9022,304,2022,May,2
2022-05-15,0.0,0.0,0.0,9050,254,2022,May,2
2022-05-16,0.0,0.0,0.0,9152,311,2022,May,2
2022-05-17,0.0,0.0,0.0,9325,298,2022,May,2
2022-05-18,0.0,0.0,0.0,9252,340,2022,May,2
2022-05-19,0.0,0.0,0.0,9332,326,2022,May,2
2022-05-22,0.0,0.0,0.0,9392,291,2022,May,2
2022-05-23,0.0,0.0,0.0,9505,322,2022,May,2
2022-05-24,0.0,0.0,0.0,9656,230,2022,May,2
2022-05-25,0.0,0.0,0.0,9823,271,2022,May,2
2022-05-26,0.0,0.0,0.0,9915,360,2022,May,2
2022-05-30,0.0,0.0,0.0,10078,205,2022,May,2
2022-05-31,0.0,0.0,0.0,10341,231,2022,May,2
2022-06-01,0.0,0.0,0.0,10571,244,2022,June,2
2022-06-02,0.0,0.0,0.0,10608,374,2022,June,2
2022-06-03,0.0,0.0,0.0,10224,469,2022,June,2
2022-06-06,0.0,0.0,0.0,10187,447,2022,June,2
2022-06-07,0.0,0.0,0.0,10240,304,2022,June,2
2022-06-08,0.0,0.0,0.0,10248,420,2022,June,2
2022-06-09,0.0,0.0,0.0,10313,379,2022,June,2
2022-06-12,0.0,0.0,0.0,10104,384,2022,June,2
2022-06-13,0.0,0.0,0.0,10297,285,2022,June,2
2022-06-14,0.0,0.0,0.0,10259,415,2022,June,2
2022-06-15,0.0,0.0,0.0,10167,443,2022,June,2
2022-06-16,0.0,0.0,0.0,10198,395,2022,June,2
2022-06-20,0.0,0.0,0.0,10680,332,2022,June,2
2022-06-21,0.0,0.0,0.0,10961,174,2022,June,2
2022-06-22,0.0,0.0,0.0,11253,360,2022,June,2
2022-06-23,0.0,0.0,0.0,11360,368,2022,June,2
2022-06-26,0.0,0.0,0.0,11363,552,2022,June,2
2022-06-27,0.0,0.0,0.0,11467,288,2022,June,2
2022-06-28,0.0,0.0,0.0,11760,304,2022,June,2
2022-06-29,0.0,0.0,0.0,11883,311,2022,June,2
2022-06-30,0.0,0.0,0.0,11912,418,2022,June,2
2022-07-04,0.0,0.0,0.0,11843,371,2022,July,3
2022-07-05,0.0,0.0,0.0,11913,279,2022,July,3
2022-07-06,0.0,0.0,0.0,11905,412,2022,July,3
2022-07-07,0.0,0.0,0.0,11977,391,2022,July,3
2022-07-10,0.0,0.0,0.0,11578,504,2022,July,3
2022-07-11,0.0,0.0,0.0,11535,449,2022,July,3
2022-07-12,0.0,0.0,0.0,11567,341,2022,July,3
2022-07-13,0.0,0.0,0.0,11644,318,2022,July,3
2022-07-14,0.0,0.0,0.0,11568,491,2022,July,3
2022-07-17,0.0,0.0,0.0,11490,507,2022,July,3
2022-07-18,0.0,0.0,0.0,11483,362,2022,July,3
2022-07-19,0.0,0.0,0.0,11541,311,2022,July,3
2022-07-20,0.0,0.0,0.0,11540,479,2022,July,3
2022-07-21,0.0,0.0,0.0,11642,351,2022,July,3
2022-07-24,0.0,0.0,0.0,11203,485,2022,July,3
2022-07-25,0.0,0.0,0.0,11268,213,2022,July,3
2022-07-26,0.0,0.0,0.0,11225,369,2022,July,3
2022-07-27,0.0,0.0,0.0,11156,456,2022,July,3
2022-07-28,0.0,0.0,0.0,11080,383,2022,July,3
2022-07-31,0.0,0.0,0.0,10447,471,2022,July,3
2022-08-01,0.0,0.0,0.0,10445,370,2022,August,3
2022-08-02,0.0,0.0,0.0,10393,378,2022,August,3
2022-08-03,0.0,0.0,0.0,10293,374,2022,August,3
2022-08-04,0.0,0.0,0.0,10172,416,2022,August,3
2022-08-07,0.0,0.0,0.0,9876,518,2022,August,3
2022-08-08,0.0,0.0,0.0,9881,331,2022,August,3
2022-08-09,0.0,0.0,0.0,9884,281,2022,August,3
2022-08-10,0.0,0.0,0.0,9774,423,2022,August,3
2022-08-11,0.0,0.0,0.0,9760,315,2022,August,3
2022-08-14,0.0,0.0,0.0,9308,366,2022,August,3
2022-08-15,0.0,0.0,0.0,9248,280,2022,August,3
2022-08-16,0.0,0.0,0.0,9278,240,2022,August,3
2022-08-17,0.0,0.0,0.0,9435,275,2022,August,3
2022-08-18,0.0,0.0,0.0,9315,404,2022,August,3
2022-08-21,0.0,0.0,0.0,9087,388,2022,August,3
2022-08-22,0.0,0.0,0.0,9170,190,2022,August,3
2022-08-23,0.0,0.0,0.0,9131,278,2022,August,3
2022-08-24,0.0,0.0,0.0,9107,297,2022,August,3
2022-08-25,0.0,0.0,0.0,9070,367,2022,August,3
2022-08-28,0.0,0.0,0.0,8749,330,2022,August,3
2022-08-29,0.0,0.0,0.0,8814,317,2022,August,3
2022-08-30,0.0,0.0,0.0,9029,238,2022,August,3
2022-08-31,0.0,0.0,0.0,9073,286,2022,August,3
2022-09-01,0.0,0.0,0.0,9100,284,2022,September,3
2022-09-05,0.0,0.0,0.0,8989,223,2022,September,3
2022-09-06,0.0,0.0,0.0,9015,232,2022,September,3
2022-09-07,0.0,0.0,0.0,9141,246,2022,September,3
2022-09-08,0.0,0.0,0.0,9146,310,2022,September,3
2022-09-11,0.0,0.0,0.0,9132,297,2022,September,3
2022-09-12,0.0,0.0,0.0,9179,263,2022,September,3
2022-09-13,0.0,0.0,0.0,9348,225,2022,September,3
2022-09-14,0.0,0.0,0.0,9480,249,2022,September,3
2022-09-15,0.0,0.0,0.0,9496,295,2022,September,3
2022-09-18,0.0,0.0,0.0,9225,276,2022,September,3
2022-09-19,0.0,0.0,0.0,9382,251,2022,September,3
2022-09-20,0.0,0.0,0.0,9449,233,2022,September,3
2022-09-21,0.0,0.0,0.0,9535,243,2022,September,3
2022-09-22,0.0,0.0,0.0,9530,339,2022,September,3
2022-09-25,0.0,0.0,0.0,9256,356,2022,September,3
2022-09-26,0.0,0.0,0.0,9267,279,2022,September,3
2022-09-27,0.0,0.0,0.0,9355,200,2022,September,3
2022-09-28,0.0,0.0,0.0,9450,220,2022,September,3
2022-10-02,0.0,0.0,0.0,9612,314,2022,October,4
2022-10-03,0.0,0.0,0.0,9634,307,2022,October,4
2022-10-04,0.0,0.0,0.0,9592,258,2022,October,4
2022-10-05,0.0,0.0,0.0,9517,304,2022,October,4
2022-10-06,0.0,0.0,0.0,9441,350,2022,October,4
2022-10-10,0.0,0.0,0.0,9556,249,2022,October,4
2022-10-11,0.0,0.0,0.0,9715,218,2022,October,4
2022-10-12,0.0,0.0,0.0,9731,280,2022,October,4
2022-10-13,0.0,0.0,0.0,9735,287,2022,October,4
2022-10-16,0.0,0.0,0.0,9600,381,2022,October,4
2022-10-17,0.0,0.0,0.0,9640,258,2022,October,4
2022-10-18,0.0,0.0,0.0,9743,236,2022,October,4
2022-10-19,0.0,0.0,0.0,9814,282,2022,October,4
2022-10-20,0.0,0.0,0.0,9734,365,2022,October,4
2022-10-23,0.0,0.0,0.0,9523,386,2022,October,4
2022-10-24,0.0,0.0,0.0,9620,258,2022,October,4
2022-10-25,0.0,0.0,0.0,9652,245,2022,October,4
2022-10-26,0.0,0.0,0.0,9668,300,2022,October,4
2022-10-27,0.0,0.0,0.0,9580,392,2022,October,4
2022-10-30,0.0,0.0,0.0,9455,369,2022,October,4
2022-10-31,0.0,0.0,0.0,9538,265,2022,October,4
2022-11-01,0.0,0.0,0.0,9662,262,2022,November,4
2022-11-02,0.0,0.0,0.0,9756,295,2022,November,4
2022-11-03,0.0,0.0,0.0,9676,354,2022,November,4
2022-11-06,0.0,0.0,0.0,9611,329,2022,November,4
2022-11-07,0.0,0.0,0.0,9645,266,2022,November,4
2022-11-08,0.0,0.0,0.0,9754,267,2022,November,4
2022-11-09,0.0,0.0,0.0,9775,317,2022,November,4
2022-11-13,0.0,0.0,0.0,9655,398,2022,November,4
2022-11-14,0.0,0.0,0.0,9773,298,2022,November,4
2022-11-15,0.0,0.0,0.0,9892,247,2022,November,4
2022-11-16,0.0,0.0,0.0,9925,323,2022,November,4
2022-11-17,0.0,0.0,0.0,9874,361,2022,November,4
2022-11-20,0.0,0.0,0.0,9752,473,2022,November,4
2022-11-21,0.0,0.0,0.0,9976,277,2022,November,4
2022-11-22,0.0,0.0,0.0,10050,311,2022,November,4
2022-11-27,0.0,0.0,0.0,10179,289,2022,November,4
2022-11-28,0.0,0.0,0.0,10321,290,2022,November,4
2022-11-29,0.0,0.0,0.0,10507,220,2022,November,4
2022-11-30,0.0,0.0,0.0,10640,295,2022,November,4
2022-12-01,0.0,0.0,0.0,10677,398,2022,December,4
2022-12-04,0.0,0.0,0.0,10630,415,2022,December,4
2022-12-05,0.0,0.0,0.0,10750,349,2022,December,4
2022-12-06,0.0,0.0,0.0,10812,301,2022,December,4
2022-12-07,0.0,0.0,0.0,10743,398,2022,December,4
2022-12-08,0.0,0.0,0.0,10744,373,2022,December,4
2022-12-11,0.0,0.0,0.0,10400,438,2022,December,4
2022-12-13,0.0,0.0,0.0,10893,317,2022,December,4
2022-12-14,0.0,0.0,0.0,11016,314,2022,December,4
2022-12-15,0.0,0.0,0.0,10908,408,2022,December,4
2022-12-18,0.0,0.0,0.0,10635,471,2022,December,4
2022-12-19,0.0,0.0,0.0,10683,333,2022,December,4
2022-12-20,0.0,0.0,0.0,10710,313,2022,December,4
2022-12-21,0.0,0.0,0.0,10600,441,2022,December,4
2022-12-22,0.0,0.0,0.0,10568,427,2022,December,4
2022-12-26,0.0,0.0,0.0,10352,396,2022,December,4
2022-12-27,0.0,0.0,0.0,10280,318,2022,December,4
2022-12-28,0.0,0.0,0.0,10239,330,2022,December,4
2022-12-29,0.0,0.0,0.0,10265,244,2022,December,4
2022-01-02,0.0,0.0,0.0,8998,435,2022,January,1
2022-01-03,0.0,0.0,0.0,8834,307,2022,January,1
2022-01-04,0.0,0.0,0.0,8575,350,2022,January,1
2022-01-05,0.0,0.0,0.0,8243,434,2022,January,1
2022-01-08,0.0,0.0,0.0,7340,380,2022,January,1
2022-01-09,0.0,0.0,0.0,7142,279,2022,January,1
2022-01-10,0.0,0.0,0.0,6986,260,2022,January,1
2022-01-11,0.0,0.0,0.0,6850,267,2022,January,1
2023-01-12,0.0,0.0,0.0,6566,436,2023,January,1
2022-01-16,0.0,0.0,0.0,6351,183,2022,January,1
2022-01-17,0.0,0.0,0.0,6583,168,2022,January,1
2022-01-18,0.0,0.0,0.0,6756,144,2022,January,1
2022-01-19,0.0,0.0,0.0,6862,255,2022,January,1
2023-01-22,0.0,0.0,0.0,7122,227,2023,January,1
2023-01-23,0.0,0.0,0.0,7280,181,2023,January,1
2023-01-24,0.0,0.0,0.0,7433,175,2023,January,1
2023-01-25,0.0,0.0,0.0,7538,180,2023,January,1
2022-01-26,0.0,0.0,0.0,7565,262,2022,January,1
2023-01-29,0.0,0.0,0.0,7472,303,2023,January,1
2023-01-30,0.0,0.0,0.0,7743,196,2023,January,1
2023-01-31,0.0,0.0,0.0,7803,158,2023,January,1
2023-02-01,0.0,0.0,0.0,7903,231,2023,February,1
2023-02-02,0.0,0.0,0.0,7879,298,2023,February,1
2023-02-05,0.0,0.0,0.0,7586,342,2023,February,1
2023-02-06,0.0,0.0,0.0,7720,196,2023,February,1
2023-02-07,0.0,0.0,0.0,7855,200,2023,February,1
2023-02-08,0.0,0.0,0.0,7915,317,2023,February,1
2023-02-09,0.0,0.0,0.0,7908,353,2023,February,1
2023-02-12,0.0,0.0,0.0,7434,317,2023,February,1
2023-02-13,0.0,0.0,0.0,7483,244,2023,February,1
2023-02-14,0.0,0.0,0.0,7794,223,2023,February,1
2023-02-15,0.0,0.0,0.0,7869,290,2023,February,1
2023-02-16,0.0,0.0,0.0,7793,361,2023,February,1
2023-02-20,0.0,0.0,0.0,7817,209,2023,February,1
2023-02-21,0.0,0.0,0.0,7967,213,2023,February,1
2023-02-22,0.0,0.0,0.0,7978,232,2023,February,1
2023-02-23,0.0,0.0,0.0,7914,386,2023,February,1
2023-02-26,0.0,0.0,0.0,7609,323,2023,February,1
2023-02-27,0.0,0.0,0.0,7800,248,2023,February,1
2023-02-28,0.0,0.0,0.0,7896,200,2023,February,1
2023-03-01,0.0,0.0,0.0,7930,307,2023,March,1
2023-03-02,0.0,0.0,0.0,7870,335,2023,March,1
2023-03-07,0.0,0.0,0.0,7859,259,2023,March,1
2023-03-08,0.0,0.0,0.0,7885,291,2023,March,1
2023-03-09,0.0,0.0,0.0,7786,340,2023,March,1
2023-03-13,0.0,0.0,0.0,7567,249,2023,March,1
2023-03-14,0.0,0.0,0.0,7810,181,2023,March,1
2023-03-15,0.0,0.0,0.0,7915,286,2023,March,1
2023-03-16,0.0,0.0,0.0,7989,308,2023,March,1
2023-03-19,0.0,0.0,0.0,7885,306,2023,March,1
2023-03-20,0.0,0.0,0.0,7931,279,2023,March,1
2023-03-21,0.0,0.0,0.0,8050,221,2023,March,1
2023-03-22,0.0,0.0,0.0,8097,246,2023,March,1
2023-03-23,0.0,0.0,0.0,8102,331,2023,March,1
2023-03-26,0.0,0.0,0.0,7847,352,2023,March,1
2023-03-27,0.0,0.0,0.0,7994,235,2023,March,1
2023-03-28,0.0,0.0,0.0,8079,223,2023,March,1
2023-03-29,0.0,0.0,0.0,8208,267,2023,March,1
2023-03-30,0.0,0.0,0.0,8158,359,2023,March,1
2023-04-02,0.0,0.0,0.0,7981,304,2023,April,2
2023-04-03,0.0,0.0,0.0,8054,284,2023,April,2
2023-04-04,0.0,0.0,0.0,8068,259,2023,April,2
2023-04-05,0.0,0.0,0.0,8175,260,2023,April,2
2023-04-06,0.0,0.0,0.0,8178,284,2023,April,2
2023-04-09,0.0,0.0,0.0,7900,329,2023,April,2
2023-04-10,0.0,0.0,0.0,7826,265,2023,April,2
2023-04-11,0.0,0.0,0.0,7922,187,2023,April,2
2023-04-12,0.0,0.0,0.0,7876,283,2023,April,2
2023-04-13,0.0,0.0,0.0,7795,370,2023,April,2
2023-04-16,0.0,0.0,0.0,7380,272,2023,April,2
2023-04-17,0.0,0.0,0.0,7344,248,2023,April,2
2023-04-18,0.0,0.0,0.0,7376,234,2023,April,2
2023-04-19,0.0,0.0,0.0,7356,229,2023,April,2
2023-04-20,0.0,0.0,0.0,7490,320,2023,April,2
2023-04-23,0.0,0.0,0.0,7534,266,2023,April,2
2023-04-24,0.0,0.0,0.0,7796,213,2023,April,2
2023-04-25,0.0,0.0,0.0,8017,202,2023,April,2
2023-04-26,0.0,0.0,0.0,8117,256,2023,April,2
2023-04-27,0.0,0.0,0.0,8159,310,2023,April,2
2023-04-30,0.0,0.0,0.0,8352,293,2023,April,2
2023-05-01,0.0,0.0,0.0,8492,237,2023,May,2
2023-05-02,0.0,0.0,0.0,8654,245,2023,May,2
2023-05-03,0.0,0.0,0.0,8704,267,2023,May,2
2023-05-04,0.0,0.0,0.0,8790,332,2023,May,2
2023-05-07,0.0,0.0,0.0,8485,375,2023,May,2
2023-05-08,0.0,0.0,0.0,8590,261,2023,May,2
2023-05-09,0.0,0.0,0.0,8606,250,2023,May,2
2023-05-10,0.0,0.0,0.0,8681,304,2023,May,2
2023-05-11,0.0,0.0,0.0,8672,392,2023,May,2
2023-05-14,0.0,0.0,0.0,8445,288,2023,May,2
2023-05-15,0.0,0.0,0.0,8571,277,2023,May,2
2023-05-16,0.0,0.0,0.0,8572,272,2023,May,2
2023-05-17,0.0,0.0,0.0,8569,307,2023,May,2
2023-05-18,0.0,0.0,0.0,8474,351,2023,May,2
2023-05-21,0.0,0.0,0.0,7826,343,2023,May,2
2023-05-22,0.0,0.0,0.0,7848,240,2023,May,2
2023-05-23,0.0,0.0,0.0,7788,246,2023,May,2
2023-05-24,0.0,0.0,0.0,7709,276,2023,May,2
2023-05-25,0.0,0.0,0.0,7546,408,2023,May,2
2023-05-29,0.0,0.0,0.0,6996,207,2023,May,2
2023-05-30,0.0,0.0,0.0,7046,168,2023,May,2
2023-05-31,0.0,0.0,0.0,7053,210,2023,May,2
2023-06-01,0.0,0.0,0.0,7002,287,2023,June,2
2023-06-04,0.0,0.0,0.0,6555,292,2023,June,2
2023-06-05,0.0,0.0,0.0,6523,189,2023,June,2
2023-06-06,0.0,0.0,0.0,6508,187,2023,June,2
2023-06-07,0.0,0.0,0.0,6483,208,2023,June,2
2023-06-08,0.0,0.0,0.0,6446,255,2023,June,2
2023-06-11,0.0,0.0,0.0,6007,238,2023,June,2
2023-06-12,0.0,0.0,0.0,6021,177,2023,June,2
2023-06-13,0.0,0.0,0.0,6061,146,2023,June,2
2023-06-14,0.0,0.0,0.0,6065,167,2023,June,2
2023-06-15,0.0,0.0,0.0,6038,272,2023,June,2
2023-06-19,0.0,0.0,0.0,5679,142,2023,June,2
2023-06-20,0.0,0.0,0.0,5904,134,2023,June,2
2023-06-21,0.0,0.0,0.0,5922,149,2023,June,2
2023-06-22,0.0,0.0,0.0,5956,207,2023,June,2
2023-06-25,0.0,0.0,0.0,5766,263,2023,June,2
2023-06-26,0.0,0.0,0.0,5819,174,2023,June,2
2023-06-27,0.0,0.0,0.0,5917,155,2023,June,2
2023-06-28,0.0,0.0,0.0,5999,174,2023,June,2
2023-06-29,0.0,0.0,0.0,6058,213,2023,June,2
2023-07-02,0.0,0.0,0.0,5903,309,2023,July,3
2023-07-04,0.0,0.0,0.0,6127,124,2023,July,3
2023-07-05,0.0,0.0,0.0,6193,167,2023,July,3
2023-07-06,0.0,0.0,0.0,6239,205,2023,July,3
2023-07-09,0.0,0.0,0.0,6214,196,2023,July,3
2023-07-10,0.0,0.0,0.0,6346,163,2023,July,3
2023-07-11,0.0,0.0,0.0,6498,143,2023,July,3
2023-07-12,0.0,0.0,0.0,6521,210,2023,July,3
2023-07-13,0.0,0.0,0.0,6604,226,2023,July,3
2023-07-16,0.0,0.0,0.0,6468,218,2023,July,3
2023-07-17,0.0,0.0,0.0,6632,160,2023,July,3
2023-07-18,0.0,0.0,0.0,6874,181,2023,July,3
2023-07-19,0.0,0.0,0.0,7001,226,2023,July,3
2023-07-20,0.0,0.0,0.0,7116,281,2023,July,3
2023-07-23,0.0,0.0,0.0,7052,276,2023,July,3
2023-07-24,0.0,0.0,0.0,7220,187,2023,July,3
2023-07-25,0.0,0.0,0.0,7510,136,2023,July,3
2023-07-26,0.0,0.0,0.0,7647,215,2023,July,3
2023-07-27,0.0,0.0,0.0,7754,259,2023,July,3
2023-07-30,0.0,0.0,0.0,7671,305,2023,July,3
2023-07-31,0.0,0.0,0.0,7800,220,2023,July,3
2023-08-01,0.0,0.0,0.0,8103,168,2023,August,3
2023-08-02,0.0,0.0,0.0,8261,271,2023,August,3
2023-08-03,0.0,0.0,0.0,8294,339,2023,August,3
2023-08-06,0.0,0.0,0.0,8298,322,2023,August,3
2023-08-07,0.0,0.0,0.0,8493,202,2023,August,3
2023-08-08,0.0,0.0,0.0,8725,207,2023,August,3
2023-08-09,0.0,0.0,0.0,8888,251,2023,August,3
2023-08-10,0.0,0.0,0.0,8914,353,2023,August,3
2023-08-16,0.0,0.0,0.0,9634,288,2023,August,3
2023-08-17,0.0,0.0,0.0,9694,407,2023,August,3
2023-08-20,0.0,0.0,0.0,9483,390,2023,August,3
2023-08-21,0.0,0.0,0.0,9668,281,2023,August,3
2023-08-22,0.0,0.0,0.0,9921,230,2023,August,3
2023-08-23,0.0,0.0,0.0,10071,285,2023,August,3
2023-08-24,0.0,0.0,0.0,10026,443,2023,August,3
2023-08-27,0.0,0.0,0.0,9873,488,2023,August,3
2023-08-28,0.0,0.0,0.0,10012,388,2023,August,3
2023-08-29,0.0,0.0,0.0,10180,286,2023,August,3
2023-08-30,0.0,0.0,0.0,10280,366,2023,August,3
2023-08-31,0.0,0.0,0.0,10140,505,2023,August,3
2023-09-04,0.0,0.0,0.0,9988,293,2023,September,3
2023-09-05,0.0,0.0,0.0,10142,243,2023,September,3
2023-09-06,0.0,0.0,0.0,10356,291,2023,September,3
2023-09-07,0.0,0.0,0.0,10419,398,2023,September,3
2023-09-10,0.0,0.0,0.0,10282,382,2023,September,3
2023-09-11,0.0,0.0,0.0,10492,277,2023,September,3
2023-09-12,0.0,0.0,0.0,10649,316,2023,September,3
2023-09-13,0.0,0.0,0.0,10678,343,2023,September,3
2023-09-14,0.0,0.0,0.0,10837,414,2023,September,3
2023-09-17,0.0,0.0,0.0,10799,427,2023,September,3
2023-09-18,0.0,0.0,0.0,10892,313,2023,September,3
2023-09-19,0.0,0.0,0.0,11095,260,2023,September,3
2023-09-20,0.0,0.0,0.0,11064,364,2023,September,3
2023-09-21,0.0,0.0,0.0,11067,428,2023,September,3
2023-09-24,0.0,0.0,0.0,10744,403,2023,September,3
2023-09-25,0.0,0.0,0.0,10842,284,2023,September,3
2023-09-26,0.0,0.0,0.0,10978,332,2023,September,3
2023-09-27,0.0,0.0,0.0,11017,331,2023,September,3
2023-09-28,0.0,0.0,0.0,10984,447,2023,September,3
2023-10-01,0.0,0.0,0.0,10598,493,2023,October,4
2023-10-02,0.0,0.0,0.0,10724,284,2023,October,4
2023-10-03,0.0,0.0,0.0,10818,287,2023,October,4
2023-10-04,0.0,0.0,0.0,10963,330,2023,October,4
2023-10-05,0.0,0.0,0.0,11130,427,2023,October,4
2023-10-09,0.0,0.0,0.0,10815,282,2023,October,4
2023-10-10,0.0,0.0,0.0,10910,257,2023,October,4
2023-10-11,0.0,0.0,0.0,10960,266,2023,October,4
2023-10-12,0.0,0.0,0.0,10992,398,2023,October,4
2023-10-15,0.0,0.0,0.0,10571,434,2023,October,4
2023-10-16,0.0,0.0,0.0,10629,331,2023,October,4
2023-10-17,0.0,0.0,0.0,10630,315,2023,October,4
2023-10-18,0.0,0.0,0.0,10511,393,2023,October,4
2023-10-19,0.0,0.0,0.0,10319,406,2023,October,4
2023-10-22,0.0,0.0,0.0,9506,454,2023,October,4
2023-10-23,0.0,0.0,0.0,9436,327,2023,October,4
2023-10-24,0.0,0.0,0.0,9396,300,2023,October,4
2023-10-25,0.0,0.0,0.0,9351,293,2023,October,4
2023-10-26,0.0,0.0,0.0,9235,390,2023,October,4
2023-10-29,0.0,0.0,0.0,8925,418,2023,October,4
2023-10-30,0.0,0.0,0.0,9026,278,2023,October,4
2023-10-31,0.0,0.0,0.0,9072,295,2023,October,4
2023-11-01,0.0,0.0,0.0,9250,279,2023,November,4
2023-11-02,0.0,0.0,0.0,9442,330,2023,November,4
2023-11-05,0.0,0.0,0.0,9273,370,2023,November,4
2023-11-06,0.0,0.0,0.0,9286,316,2023,November,4
2023-11-07,0.0,0.0,0.0,9483,231,2023,November,4
2023-11-08,0.0,0.0,0.0,9634,310,2023,November,4
2023-11-12,0.0,0.0,0.0,9477,313,2023,November,4
2023-11-13,0.0,0.0,0.0,9510,287,2023,November,4
2023-11-14,0.0,0.0,0.0,9665,247,2023,November,4
2023-11-15,0.0,0.0,0.0,9762,316,2023,November,4
2023-11-16,0.0,0.0,0.0,9762,374,2023,November,4
2023-11-19,0.0,0.0,0.0,9573,435,2023,November,4
2023-11-20,0.0,0.0,0.0,9638,298,2023,November,4
2023-11-21,0.0,0.0,0.0,9804,250,2023,November,4
2023-11-23,0.0,0.0,0.0,9838,283,2023,November,4
2023-11-26,0.0,0.0,0.0,9845,312,2023,November,4
2023-11-27,0.0,0.0,0.0,10123,214,2023,November,4
2023-11-28,0.0,0.0,0.0,10223,223,2023,November,4
2023-11-29,0.0,0.0,0.0,10398,284,2023,November,4
2023-11-30,0.0,0.0,0.0,10536,320,2023,November,4
2023-12-03,0.0,0.0,0.0,10579,417,2023,December,4
2023-12-04,0.0,0.0,0.0,10635,273,2023,December,4
2023-12-05,0.0,0.0,0.0,10761,261,2023,December,4
2023-12-06,0.0,0.0,0.0,10832,376,2023,December,4
2023-12-07,0.0,0.0,0.0,10897,466,2023,December,4
2023-12-10,0.0,0.0,0.0,10871,411,2023,December,4
2023-12-11,0.0,0.0,0.0,10998,304,2023,December,4
2023-12-12,0.0,0.0,0.0,11077,259,2023,December,4
2023-12-13,0.0,0.0,0.0,11192,335,2023,December,4
2023-12-14,0.0,0.0,0.0,11242,396,2023,December,4
2023-12-17,0.0,0.0,0.0,11092,456,2023,December,4
2023-12-18,0.0,0.0,0.0,11149,364,2023,December,4
2023-12-19,0.0,0.0,0.0,11291,272,2023,December,4
2023-12-20,0.0,0.0,0.0,11516,390,2023,December,4
2023-12-21,0.0,0.0,0.0,11375,497,2023,December,4
2023-12-25,0.0,0.0,0.0,11144,347,2023,December,4
2023-12-26,0.0,0.0,0.0,11217,288,2023,December,4
2023-12-27,0.0,0.0,0.0,11206,335,2023,December,4
2023-12-28,0.0,0.0,0.0,11230,357,2023,December,4
2024-01-01,0.0,0.0,0.0,10870,290,2024,January,1
2024-01-02,0.0,0.0,0.0,10770,316,2024,January,1
2024-01-03,0.0,0.0,0.0,10718,263,2024,January,1
2024-01-04,0.0,0.0,0.0,10558,362,2024,January,1
2024-01-07,0.0,0.0,0.0,9670,367,2024,January,1
2024-01-08,0.0,0.0,0.0,9670,367,2024,January,1
2024-01-09,0.0,0.0,0.0,9311,286,2024,January,1
2024-01-10,0.0,0.0,0.0,9144,349,2024,January,1
2024-01-11,0.0,0.0,0.0,8829,476,2024,January,1
2024-01-15,0.0,0.0,0.0,8033,234,2024,January,1
2024-01-16,0.0,0.0,0.0,8133,188,2024,January,1
2024-01-17,0.0,0.0,0.0,8072,353,2024,January,1
2024-01-18,0.0,0.0,0.0,8042,359,2024,January,1
2024-01-21,0.0,0.0,0.0,7974,371,2024,January,1
2024-01-22,0.0,0.0,0.0,8008,222,2024,January,1
2024-01-23,0.0,0.0,0.0,8133,202,2024,January,1
2024-01-24,0.0,0.0,0.0,8212,243,2024,January,1
2024-01-25,0.0,0.0,0.0,8180,293,2024,January,1
2024-01-28,0.0,0.0,0.0,8004,307,2024,January,1
2024-01-29,0.0,0.0,0.0,8057,195,2024,January,1
2024-01-30,0.0,0.0,0.0,8182,187,2024,January,1
2024-01-31,203.0,477.0,258.0,8153,266,2024,January,1
2024-02-01,222.0,459.0,289.0,8026,337,2024,February,1
2024-02-04,253.0,531.0,248.0,7813,342,2024,February,1
2024-02-05,157.0,466.0,345.0,7872,242,2024,February,1
2024-02-06,291.0,455.0,323.0,8045,178,2024,February,1
2024-02-07,227.0,453.0,330.0,8160,222,2024,February,1
2024-02-08,298.0,499.0,358.0,8188,315,2024,February,1
2024-02-11,205.0,515.0,226.0,8056,347,2024,February,1
2024-02-12,213.0,430.0,440.0,8092,234,2024,February,1
2024-02-13,227.0,369.0,349.0,8348,160,2024,February,1
2024-02-14,185.0,322.0,272.0,8512,230,2024,February,1
2024-02-15,333.0,508.0,272.0,8463,312,2024,February,1
2024-02-19,249.0,420.0,371.0,8380,218,2024,February,1
2024-02-20,149.0,395.0,273.0,8488,192,2024,February,1
2024-02-21,232.0,430.0,318.0,8573,231,2024,February,1
2024-02-22,165.0,400.0,292.0,8607,293,2024,February,1
2024-02-25,244.0,482.0,366.0,8404,329,2024,February,1
2024-02-26,199.0,438.0,326.0,8404,329,2024,February,1
2024-02-27,197.0,369.0,306.0,8650,206,2024,February,1
2024-02-28,209.0,447.0,274.0,8699,257,2024,February,1
2024-02-29,262.0,444.0,354.0,8724,299,2024,February,1
2024-03-03,236.0,468.0,347.0,8594,354,2024,March,1
2024-03-04,225.0,509.0,340.0,8660,229,2024,March,1
2024-03-05,246.0,472.0,345.0,8800,214,2024,March,1
2024-03-06,230.0,457.0,277.0,8870,232,2024,March,1
2024-03-07,181.0,424.0,328.0,8902,305,2024,March,1
2024-03-10,190.0,368.0,326.0,8714,373,2024,March,1
2024-03-11,178.0,336.0,290.0,8757,253,2024,March,1
2024-03-12,154.0,294.0,290.0,8843,213,2024,March,1
2024-03-13,165.0,358.0,167.0,8819,239,2024,March,1
2024-03-14,166.0,301.0,252.0,8695,310,2024,March,1
2024-03-17,127.0,260.0,259.0,8373,342,2024,March,1
2024-03-18,123.0,243.0,188.0,8333,283,2024,March,1
2024-03-19,99.0,202.0,256.0,8390,197,2024,March,1
2024-03-20,91.0,181.0,174.0,8365,227,2024,March,1
2024-03-21,132.0,261.0,141.0,8292,235,2024,March,1
2024-03-24,124.0,264.0,221.0,7899,373,2024,March,1
2024-03-25,128.0,242.0,224.0,7899,229,2024,March,1
2024-03-26,187.0,276.0,200.0,7919,208,2024,March,1
2024-03-27,129.0,287.0,185.0,7893,215,2024,March,1
2024-03-28,161.0,288.0,248.0,7762,360,2024,March,1
2024-03-31,105.0,254.0,151.0,7257,287,2024,March,1
2024-04-01,109.0,235.0,171.0,7271,172,2024,April,2
2024-04-02,101.0,230.0,175.0,7340,132,2024,April,2
2024-04-03,124.0,230.0,190.0,7346,163,2024,April,2
2024-04-04,95.0,226.0,152.0,7317,225,2024,April,2
2024-04-07,106.0,239.0,233.0,6982,279,2024,April,2
2024-04-08,102.0,230.0,167.0,6988,199,2024,April,2
2024-04-09,118.0,231.0,217.0,7043,130,2024,April,2
2024-04-10,117.0,244.0,142.0,6999,227,2024,April,2
2024-04-11,183.0,221.0,220.0,6912,285,2024,April,2
2024-04-14,128.0,245.0,243.0,6630,290,2024,April,2
2024-04-15,144.0,303.0,176.0,6681,191,2024,April,2
2024-04-16,219.0,392.0,205.0,6685,163,2024,April,2
2024-04-17,182.0,371.0,274.0,6725,227,2024,April,2
2024-04-18,144.0,322.0,258.0,6728,260,2024,April,2
2024-04-21,208.0,380.0,343.0,6745,240,2024,April,2
2024-04-22,176.0,424.0,251.0,6799,214,2024,April,2
2024-04-23,252.0,427.0,307.0,6967,134,2024,April,2
2024-04-24,253.0,411.0,307.0,7128,154,2024,April,2
2024-04-25,145.0,357.0,333.0,7209,217,2024,April,2
2024-04-28,158.0,349.0,365.0,7298,250,2024,April,2
2024-04-29,140.0,292.0,255.0,7373,187,2024,April,2
2024-04-30,220.0,443.0,194.0,7431,135,2024,April,2
2024-05-01,197.0,437.0,295.0,7508,190,2024,May,2
2024-05-02,206.0,411.0,293.0,7577,194,2024,May,2
2024-05-05,150.0,315.0,228.0,7447,332,2024,May,2
2024-05-06,173.0,337.0,211.0,7449,205,2024,May,2
2024-05-07,176.0,334.0,246.0,7566,163,2024,May,2
2024-05-08,167.0,374.0,205.0,7583,202,2024,May,2
2024-05-09,138.0,285.0,268.0,7570,244,2024,May,2
2024-05-12,138.0,301.0,263.0,7464,245,2024,May,2
2024-05-13,112.0,331.0,167.0,7499,157,2024,May,2
2024-05-14,246.0,419.0,218.0,7546,186,2024,May,2
2024-05-15,115.0,285.0,341.0,7589,265,2024,May,2
2024-05-16,206.0,340.0,214.0,7565,234,2024,May,2
2024-05-19,143.0,295.0,278.0,7356,298,2024,May,2
2024-05-20,111.0,268.0,217.0,7368,192,2024,May,2
2024-05-21,196.0,348.0,176.0,7404,145,2024,May,2
2024-05-22,168.0,349.0,272.0,7474,208,2024,May,2
2024-05-23,193.0,272.0,314.0,7494,227,2024,May,2
2024-05-27,156.0,344.0,252.0,7365,167,2024,May,2
2024-05-28,153.0,348.0,239.0,7418,151,2024,May,2
2024-05-29,182.0,462.0,158.0,7491,141,2024,May,2
2024-05-30,167.0,406.0,339.0,7563,190,2024,May,2
2024-06-02,159.0,330.0,322.0,7546,306,2024,June,2
2024-06-03,109.0,244.0,257.0,7596,224,2024,June,2
2024-06-04,260.0,356.0,176.0,7565,203,2024,June,2
2024-06-05,173.0,345.0,291.0,7691,198,2024,June,2
2024-06-06,179.0,326.0,282.0,7741,238,2024,June,2
2024-06-09,116.0,289.0,166.0,7451,312,2024,June,2
2024-06-10,184.0,334.0,229.0,7439,212,2024,June,2
2024-06-11,186.0,352.0,224.0,7493,156,2024,June,2
2024-06-12,152.0,266.0,274.0,7548,212,2024,June,2
2024-06-13,167.0,293.0,230.0,7544,259,2024,June,2
2024-06-16,204.0,315.0,233.0,7307,294,2024,June,2
2024-06-17,159.0,310.0,272.0,7318,224,2024,June,2
2024-06-18,160.0,297.0,253.0,7340,214,2024,June,2
2024-06-19,204.0,321.0,246.0,7433,198,2024,June,2
2024-06-20,145.0,247.0,243.0,7431,235,2024,June,2
2024-06-23,102.0,227.0,201.0,7247,294,2024,June,2
2024-06-24,116.0,175.0,172.0,7239,202,2024,June,2
2024-06-25,172.0,263.0,191.0,7239,202,2024,June,2
2024-06-26,132.0,235.0,197.0,7268,187,2024,June,2
2024-06-27,174.0,208.0,256.0,7248,268,2024,June,2
2024-06-30,123.0,230.0,167.0,6874,273,2024,June,2
2024-07-01,123.0,233.0,159.0,6825,229,2024,July,3
2024-07-02,141.0,232.0,188.0,6823,184,2024,July,3
2024-07-04,158.0,226.0,191.0,6790,225,2024,July,3
2024-07-07,96.0,160.0,233.0,6599,213,2024,July,3
2024-07-08,141.0,173.0,129.0,6617,123,2024,July,3
2024-07-09,116.0,181.0,182.0,6651,130,2024,July,3
2024-07-10,150.0,157.0,201.0,6649,177,2024,July,3
2024-07-11,80.0,176.0,125.0,6640,197,2024,July,3
2024-07-14,116.0,188.0,164.0,6308,237,2024,July,3
2024-07-15,105.0,185.0,158.0,6283,171,2024,July,3
2024-07-16,136.0,246.0,123.0,6239,173,2024,July,3
2024-07-17,128.0,228.0,177.0,6228,187,2024,July,3
2024-07-21,90.0,196.0,205.0,6058,262,2024,July,3
2024-07-22,102.0,189.0,155.0,6002,234,2024,July,3
2024-07-23,120.0,257.0,126.0,5965,170,2024,July,3
2024-07-24,137.0,272.0,166.0,5927,177,2024,July,3
2024-07-25,93.0,198.0,208.0,5954,194,2024,July,3
2024-07-28,152.0,290.0,199.0,5743,207,2024,July,3
2024-07-29,114.0,210.0,219.0,5819,163,2024,July,3
2024-07-30,125.0,203.0,208.0,5930,92,2024,July,3
2024-07-31,140.0,261.0,163.0,5963,154,2024,July,3
2024-08-01,227.0,298.0,212.0,6016,169,2024,August,3
2024-08-04,63.0,167.0,143.0,5943,170,2024,August,3
2024-08-05,172.0,259.0,138.0,5950,150,2024,August,3
2024-08-06,163.0,283.0,200.0,5998,143,2024,August,3
2024-08-07,135.0,273.0,207.0,6038,174,2024,August,3
2024-08-08,119.0,230.0,213.0,6084,174,2024,August,3
2024-08-11,95.0,211.0,140.0,5894,249,2024,August,3
2024-08-12,109.0,219.0,155.0,5903,148,2024,August,3
2024-08-13,162.0,239.0,189.0,5981,123,2024,August,3
2024-08-14,109.0,226.0,191.0,5987,178,2024,August,3
2024-08-15,124.0,241.0,156.0,5895,220,2024,August,3
2024-08-18,86.0,244.0,235.0,5821,178,2024,August,3
2024-08-19,176.0,254.0,162.0,5865,158,2024,August,3
2024-08-20,136.0,274.0,245.0,5995,112,2024,August,3
2024-08-21,134.0,245.0,167.0,6028,156,2024,August,3
2024-08-22,182.0,307.0,205.0,6054,171,2024,August,3
2024-08-27,149.0,285.0,222.0,6152,97,2024,August,3
2024-08-28,170.0,285.0,178.0,6227,134,2024,August,3
2024-08-29,145.0,295.0,188.0,6250,169,2024,August,3
2024-09-02,133.0,270.0,198.0,6192,129,2024,September,3
2024-09-03,131.0,263.0,177.0,6272,112,2024,September,3
2024-09-04,121.0,231.0,219.0,6375,114,2024,September,3
2024-09-05,126.0,230.0,175.0,6448,121,2024,September,3
2024-09-08,123.0,255.0,164.0,6312,221,2024,September,3
2024-09-09,144.0,275.0,190.0,6353,141,2024,September,3
2024-09-10,131.0,251.0,180.0,6396,148,2024,September,3
2024-09-11,93.0,248.0,175.0,6410,162,2024,September,3
2024-09-12,184.0,280.0,210.0,6360,220,2024,September,3
2024-09-13,81.0,200.0,212.0,6326,279,2024,September,3
2024-09-15,98.0,220.0,167.0,6234,210,2024,September,3
2024-09-16,113.0,209.0,160.0,6229,164,2024,September,3
2024-09-17,159.0,304.0,139.0,6227,160,2024,September,3
2024-09-18,116.0,213.0,217.0,6245,149,2024,September,3
2024-09-19,93.0,196.0,169.0,6270,188,2024,September,3
2024-09-22,124.0,234.0,161.0,5989,197,2024,September,3
2024-09-23,92.0,203.0,173.0,6002,165,2024,September,3
2024-09-24,186.0,259.0,172.0,6023,143,2024,September,3
2024-09-25,154.0,225.0,220.0,6050,169,2024,September,3
2024-09-26,91.0,199.0,172.0,6090,185,2024,September,3
2024-09-29,81.0,213.0,153.0,5925,177,2024,September,3
2024-09-30,209.0,285.0,184.0,5967,138,2024,September,3
2024-10-01,184.0,314.0,217.0,6040,137,2024,October,4
2024-10-02,107.0,215.0,230.0,6091,173,2024,October,4
2024-10-03,101.0,162.0,178.0,6118,193,2024,October,4
2024-10-07,99.0,190.0,176.0,5968,153,2024,October,4
2024-10-08,167.0,239.0,166.0,6013,123,2024,October,4
2024-10-09,115.0,216.0,169.0,6047,137,2024,October,4
2024-10-10,84.0,158.0,193.0,6075,159,2024,October,4
2024-10-13,130.0,227.0,192.0,5889,210,2024,October,4
2024-10-14,88.0,214.0,160.0,5935,106,2024,October,4
2024-10-15,113.0,208.0,159.0,6013,107,2024,October,4
2024-10-16,174.0,285.0,150.0,6036,129,2024,October,4
2024-10-17,104.0,230.0,206.0,6076,160,2024,October,4
2024-10-20,147.0,276.0,214.0,5918,195,2024,October,4
2024-10-21,108.0,220.0,213.0,5966,154,2024,October,4
2024-10-22,180.0,280.0,146.0,6043,109,2024,October,4
2024-10-23,134.0,294.0,186.0,6077,138,2024,October,4
2024-10-27,202.0,313.0,158.0,5974,192,2024,October,4
2024-10-28,110.0,272.0,193.0,6008,156,2024,October,4
2024-10-29,166.0,277.0,229.0,6106,126,2024,October,4
2024-10-30,136.0,276.0,178.0,6149,160,2024,October,4
2024-10-31,87.0,246.0,173.0,6148,177,2024,October,4
2024-11-03,84.0,171.0,157.0,5990,184,2024,November,4
2024-11-04,167.0,209.0,157.0,6007,132,2024,November,4
2024-11-05,109.0,245.0,159.0,6045,126,2024,November,4
2024-11-06,156.0,256.0,176.0,6086,137,2024,November,4
2024-11-07,125.0,232.0,192.0,6084,177,2024,November,4
2024-11-11,118.0,139.0,168.0,5963,145,2024,November,4
2024-11-12,142.0,235.0,139.0,5975,138,2024,November,4
2024-11-13,148.0,245.0,175.0,5966,151,2024,November,4
2024-11-14,119.0,219.0,210.0,6025,172,2024,November,4
2024-11-17,105.0,210.0,149.0,5816,195,2024,November,4
2024-11-18,143.0,203.0,163.0,5819,138,2024,November,4
2024-11-19,119.0,209.0,152.0,5844,146,2024,November,4
2024-11-20,155.0,212.0,181.0,5879,148,2024,November,4
2024-11-21,109.0,214.0,173.0,5850,210,2024,November,4
2024-11-24,191.0,283.0,192.0,5664,207,2024,November,4
2024-11-25,170.0,297.0,196.0,5715,129,2024,November,4
2024-11-26,152.0,272.0,214.0,5826,112,2024,November,4
2024-11-27,239.0,367.0,224.0,5862,211,2024,November,4
2024-11-28,113.0,280.0,237.0,5963,143,2024,November,4
2024-12-01,196.0,306.0,187.0,5986,149,2024,December,4
2024-12-02,236.0,330.0,222.0,6061,115,2024,December,4
2024-12-03,81.0,230.0,242.0,6192,107,2024,December,4
2024-12-04,118.0,245.0,160.0,6269,115,2024,December,4
2024-12-05,218.0,283.0,208.0,6310,150,2024,December,4
2024-12-08,132.0,243.0,183.0,6286,172,2024,December,4
2024-12-09,224.0,315.0,152.0,6268,174,2024,December,4
2024-12-10,167.0,326.0,213.0,6310,149,2024,December,4
2024-12-11,209.0,353.0,232.0,6402,152,2024,December,4
2024-12-12,153.0,253.0,286.0,6481,194,2024,December,4
2024-12-15,180.0,337.0,219.0,6408,224,2024,December,4
2024-12-16,133.0,287.0,189.0,6454,149,2024,December,4
2024-12-17,187.0,310.0,247.0,6506,151,2024,December,4
2024-12-18,168.0,285.0,210.0,6598,134,2024,December,4
2024-12-19,269.0,412.0,204.0,6600,238,2024,December,4
2024-12-22,100.0,255.0,236.0,6595,268,2024,December,4
2024-12-23,205.0,294.0,177.0,6548,231,2024,December,4
2024-12-24,161.0,304.0,211.0,6622,155,2024,December,4
2024-12-25,57.0,162.0,193.0,6689,107,2024,December,4
2024-12-26,80.0,122.0,152.0,6707,135,2024,December,4
2024-12-29,107.0,170.0,133.0,6465,216,2024,December,4
2024-12-30,99.0,156.0,139.0,6454,177,2024,December,4
2025-01-01,25.0,66.0,94.0,6405,144,2025,January,1
2025-01-02,35.0,70.0,53.0,6292,170,2025,January,1
2025-01-05,43.0,73.0,64.0,5882,185,2025,January,1
2025-01-06,41.0,60.0,71.0,5769,190,2025,January,1
2025-01-07,65.0,83.0,65.0,5703,133,2025,January,1
2025-01-08,38.0,80.0,82.0,5605,184,2025,January,1
2025-01-09,56.0,82.0,68.0,5507,164,2025,January,1
2025-01-12,74.0,103.0,80.0,5092,235,2025,January,1
2025-01-13,68.0,107.0,102.0,5019,181,2025,January,1
2025-01-14,92.0,124.0,93.0,4957,139,2025,January,1
2025-01-15,113.0,162.0,107.0,4903,164,2025,January,1
2025-01-16,106.0,196.0,131.0,4881,159,2025,January,1
2025-01-19,86.0,152.0,168.0,4628,176,2025,January,1
2025-01-20,84.0,118.0,136.0,4638,127,2025,January,1
2025-01-21,59.0,64.0,117.0,4728,54,2025,January,1
2025-01-22,62.0,97.0,52.0,4717,83,2025,January,1
2025-01-23,91.0,75.0,97.0,4621,174,2025,January,1
2025-01-26,29.0,51.0,11.0,4241,182,2025,January,1
2025-01-27,33.0,53.0,34.0,4161,127,2025,January,1
2025-01-28,32.0,49.0,39.0,4096,101,2025,January,1
2025-01-29,32.0,50.0,39.0,4036,99,2025,January,1
2025-01-30,47.0,42.0,47.0,3923,159,2025,January,1
2025-02-02,20.0,22.0,41.0,3483,168,2025,February,1
2025-02-03,23.0,45.0,11.0,3403,102,2025,February,1
2025-02-04,34.0,54.0,29.0,3359,74,2025,February,1
2025-02-05,26.0,36.0,36.0,3290,104,2025,February,1
2025-02-06,25.0,32.0,27.0,3181,145,2025,February,1
2025-02-09,15.0,13.0,23.0,2878,99,2025,February,1
2025-02-10,16.0,18.0,15.0,2834,63,2025,February,1
2025-02-11,11.0,22.0,12.0,2799,50,2025,February,1
2025-02-12,16.0,20.0,20.0,2752,66,2025,February,1
2025-02-13,15.0,10.0,23.0,2703,72,2025,February,1
2025-02-17,8.0,17.0,14.0,2532,15,2025,February,1
2025-02-18,18.0,19.0,11.0,2536,9,2025,February,1
2025-02-19,12.0,17.0,17.0,2528,19,2025,February,1
2025-02-20,13.0,25.0,15.0,2520,32,2025,February,1
2025-02-23,7.0,16.0,8.0,2423,35,2025,February,1
2025-02-24,20.0,22.0,14.0,2413,24,2025,February,1
2025-02-25,11.0,7.0,7.0,2413,23,2025,February,1
2025-02-26,12.0,21.0,1.0,2411,23,2025,February,1
2025-02-27,10.0,15.0,17.0,2391,37,2025,February,1
2025-03-02,12.0,24.0,4.0,2297,31,2025,March,1
2025-03-03,8.0,29.0,18.0,2287,25,2025,March,1
2025-03-04,4.0,25.0,10.0,2272,30,2025,March,1
2025-03-05,5.0,20.0,4.0,2238,40,2025,March,1
2025-03-06,7.0,27.0,6.0,2218,33,2025,March,1
2025-03-09,12.0,25.0,15.0,2137,30,2025,March,1
2025-03-10,6.0,28.0,8.0,2125,23,2025,March,1
2025-03-11,3.0,11.0,7.0,2116,20,2025,March,1
2025-03-12,6.0,18.0,2.0,2113,8,2025,March,1
2025-03-13,4.0,20.0,9.0,2116,6,2025,March,1
2025-03-16,1.0,9.0,8.0,2117,5,2025,March,1
2025-03-17,5.0,14.0,0.0,2111,8,2025,March,1
2025-03-18,19.0,34.0,6.0,2109,8,2025,March,1
2025-03-19,6.0,22.0,14.0,2119,9,2025,March,1
2025-03-20,9.0,20.0,11.0,2124,7,2025,March,1
2025-03-23,15.0,29.0,9.0,2136,2,2025,March,1
2025-03-24,7.0,13.0,11.0,2139,7,2025,March,1
2025-03-25,12.0,19.0,7.0,2145,6,2025,March,1
2025-03-26,9.0,21.0,15.0,2159,2,2025,March,1
2025-03-27,1.0,19.0,13.0,2159,2,2025,March,1
2025-03-30,9.0,20.0,5.0,2188,2,2025,March,1
2025-03-31,9.0,25.0,8.0,2193,5,2025,March,1
2025-04-01,17.0,36.0,7.0,2191,12,2025,April,2
2025-04-02,5.0,31.0,16.0,2208,3,2025,April,2
2025-04-03,12.0,26.0,18.0,2223,8,2025,April,2
2025-04-06,7.0,14.0,7.0,2234,11,2025,April,2
2025-04-07,12.0,22.0,9.0,2237,5,2025,April,2
2025-04-08,12.0,34.0,12.0,2243,9,2025,April,2
2025-04-09,6.0,19.0,10.0,2251,5,2025,April,2
2025-04-10,18.0,25.0,17.0,2265,6,2025,April,2
2025-04-11,8.0,22.0,8.0,2267,9,2025,April,2
2025-04-13,5.0,26.0,10.0,2283,3,2025,April,2
2025-04-14,5.0,26.0,9.0,2282,13,2025,April,2
2025-04-15,4.0,19.0,12.0,2286,7,2025,April,2
2025-04-16,11.0,30.0,5.0,2291,8,2025,April,2
2025-04-17,7.0,26.0,10.0,2288,14,2025,April,2
2025-04-20,4.0,15.0,6.0,2305,4,2025,April,2
2025-04-21,10.0,25.0,5.0,2308,6,2025,April,2
2025-04-22,7.0,19.0,14.0,2305,17,2025,April,2
2025-04-23,3.0,23.0,4.0,2300,11,2025,April,2
2025-04-24,3.0,9.0,7.0,2294,13,2025,April,2
2025-04-27,9.0,40.0,12.0,2301,4,2025,April,2
2025-04-28,6.0,26.0,12.0,2307,8,2025,April,2
2025-04-29,11.0,25.0,11.0,2304,15,2025,April,2
2025-04-30,7.0,34.0,9.0,2309,12,2025,April,2
2025-05-01,13.0,32.0,14.0,2306,16,2025,May,2
2025-05-04,9.0,31.0,10.0,2335,5,2025,May,2
2025-05-05,15.0,44.0,20.0,2331,17,2025,May,2
2025-05-06,10.0,33.0,16.0,2339,16,2025,May,2
2025-05-07,10.0,30.0,15.0,2335,10,2025,May,2
2025-05-08,15.0,24.0,16.0,2361,11,2025,May,2
2025-05-11,15.0,20.0,12.0,2385,3,2025,May,2
2025-05-12,7.0,33.0,14.0,2392,7,2025,May,2
2025-05-13,18.0,29.0,12.0,2394,11,2025,May,2
2025-05-14,7.0,30.0,14.0,2394,11,2025,May,2
2025-05-15,15.0,31.0,14.0,2410,14,2025,May,2
2025-05-18,13.0,28.0,14.0,2437,9,2025,May,2
2025-05-19,7.0,27.0,17.0,2457,6,2025,May,2
2025-05-21,14.0,62.0,13.0,2467,18,2025,May,2
2025-05-22,18.0,36.0,17.0,2473,15,2025,May,2
2025-05-27,6.0,24.0,7.0,2504,11,2025,May,2
2025-05-28,12.0,39.0,12.0,2499,14,2025,May,2
2025-05-29,13.0,38.0,15.0,2506,11,2025,May,2
2025-06-01,8.0,24.0,16.0,2528,12,2025,June,2
2025-06-02,10.0,19.0,5.0,2518,16,2025,June,2
2025-06-03,5.0,23.0,11.0,2519,15,2025,June,2
2025-06-04,4.0,16.0,9.0,2516,16,2025,June,2
2025-06-05,8.0,26.0,5.0,2503,21,2025,June,2
2025-06-08,10.0,16.0,15.0,2507,13,2025,June,2
2025-06-09,8.0,21.0,14.0,2516,9,2025,June,2
2025-06-10,17.0,28.0,7.0,2511,12,2025,June,2
2025-06-17,7.0,24.0,10.0,2523,14,2025,June,2
2025-06-19,8.0,19.0,7.0,2501,18,2025,June,2
2025-06-22,7.0,13.0,5.0,2508,7,2025,June,2
2025-06-23,3.0,15.0,5.0,2495,17,2025,June,2
2025-06-24,5.0,20.0,5.0,2489,16,2025,June,2
2025-06-25,6.0,12.0,2.0,2470,24,2025,June,2
2025-06-26,3.0,9.0,7.0,2447,35,2025,June,2
2025-06-29,5.0,17.0,7.0,2413,20,2025,June,2
2025-06-30,9.0,22.0,8.0,2407,16,2025,June,2
2025-07-01,7.0,14.0,6.0,2391,22,2025,July,3
2025-07-02,8.0,20.0,9.0,2373,38,2025,July,3
2025-07-06,4.0,17.0,2.0,2332,8,2025,July,3
2025-07-07,3.0,18.0,8.0,2317,20,2025,July,3
2025-07-08,5.0,16.0,8.0,2306,20,2025,July,3
2025-07-09,2.0,18.0,0.0,2281,32,2025,July,3
2025-07-10,2.0,12.0,3.0,2252,39,2025,July,3
2025-07-13,1.0,13.0,4.0,2204,10,2025,July,3
2025-07-14,2.0,9.0,1.0,2181,26,2025,July,3
2025-07-15,0.0,8.0,5.0,2171,17,2025,July,3
2025-07-16,1.0,9.0,0.0,2164,11,2025,July,3
2025-07-17,3.0,16.0,2.0,2153,17,2025,July,3
2025-07-21,4.0,18.0,7.0,2121,16,2025,July,3
2025-07-22,5.0,13.0,3.0,2117,16,2025,July,3
2025-07-23,6.0,21.0,5.0,2111,14,2025,July,3
2025-07-24,6.0,18.0,7.0,2096,29,2025,July,3
2025-07-27,1.0,12.0,2.0,2088,4,2025,July,3
2025-07-28,2.0,9.0,3.0,2080,14,2025,July,3
2025-07-29,2.0,8.0,3.0,2072,12,2025,July,3
2025-07-30,4.0,15.0,4.0,2063,16,2025,July,3
2025-07-31,2.0,9.0,6.0,2058,15,2025,July,3
2025-08-03,5.0,26.0,3.0,2049,5,2025,August,3
2025-08-04,5.0,22.0,11.0,2040,14,2025,August,3
2025-08-05,2.0,21.0,10.0,2042,14,2025,August,3
2025-08-06,4.0,17.0,3.0,2036,13,2025,August,3
2025-08-07,4.0,18.0,6.0,2031,17,2025,August,3
2025-08-10,0.0,18.0,8.0,2006,12,2025,August,3
2025-08-11,6.0,23.0,4.0,1999,16,2025,August,3
2025-08-12,8.0,38.0,9.0,1999,9,2025,August,3
2025-08-13,6.0,22.0,12.0,1997,17,2025,August,3
2025-08-14,3.0,27.0,4.0,1994,11,2025,August,3
2025-08-17,4.0,14.0,2.0,1991,3,2025,August,3
2025-08-18,4.0,20.0,6.0,1985,14,2025,August,3
2025-08-19,5.0,35.0,3.0,1980,11,2025,August,3
2025-08-20,10.0,38.0,10.0,1983,10,2025,August,3
2025-08-21,6.0,49.0,8.0,1972,21,2025,August,3
2025-08-24,4.0,21.0,5.0,1981,5,2025,August,3
2025-08-25,8.0,30.0,8.0,1980,11,2025,August,3
2025-08-26,10.0,21.0,20.0,1989,15,2025,August,3
2025-08-27,5.0,19.0,9.0,1988,19,2025,August,3
2025-08-28,8.0,33.0,6.0,1984,17,2025,August,3
2025-09-01,10.0,29.0,17.0,2010,5,2025,September,3
2025-09-02,6.0,35.0,9.0,2020,9,2025,September,3
2025-09-03,4.0,29.0,11.0,2019,10,2025,September,3
2025-09-04,11.0,40.0,2.0,2015,14,2025,September,3
2025-09-07,4.0,19.0,9.0,2026,7,2025,September,3
2025-09-08,7.0,25.0,5.0,2025,6,2025,September,3
2025-09-09,18.0,42.0,11.0,2023,14,2025,September,3
2025-09-10,10.0,47.0,14.0,2025,18,2025,September,3
2025-09-11,12.0,38.0,29.0,2047,6,2025,September,3
2025-09-14,7.0,39.0,13.0,2083,5,2025,September,3
2025-09-15,9.0,47.0,10.0,2086,10,2025,September,3
2025-09-16,7.0,28.0,17.0,2095,12,2025,September,3
2025-09-17,7.0,38.0,5.0,2096,13,2025,September,3
2025-09-18,20.0,52.0,11.0,2096,14,2025,September,3
2025-09-21,8.0,35.0,13.0,2134,5,2025,September,3
2025-09-22,17.0,40.0,14.0,2141,10,2025,September,3
2025-09-23,11.0,36.0,10.0,2145,15,2025,September,3
2025-09-24,3.0,38.0,12.0,2138,17,2025,September,3
2025-09-25,6.0,35.0,12.0,2132,18,2025,September,3
2025-09-28,11.0,29.0,12.0,2146,9,2025,September,3
2025-09-29,8.0,35.0,12.0,2148,13,2025,September,3
2025-09-30,8.0,32.0,12.0,2159,7,2025,September,3
2025-10-01,4.0,33.0,12.0,2163,14,2025,October,4
2025-10-02,20.0,51.0,15.0,2164,16,2025,October,4
2025-10-05,8.0,28.0,13.0,2180,16,2025,October,4
2025-10-06,5.0,33.0,15.0,2187,10,2025,October,4
2025-10-07,11.0,45.0,4.0,2189,10,2025,October,4
2025-10-08,8.0,49.0,15.0,2192,17,2025,October,4
2025-10-09,11.0,55.0,13.0,2192,12,2025,October,4
2025-10-13,8.0,24.0,7.0,2223,6,2025,October,4
2025-10-14,7.0,30.0,16.0,2235,8,2025,October,4
2025-10-15,8.0,29.0,10.0,2225,15,2025,October,4
2025-10-16,9.0,33.0,15.0,2233,9,2025,October,4
2025-10-19,9.0,34.0,17.0,2237,7,2025,October,4
2025-10-20,10.0,39.0,6.0,2243,7,2025,October,4
2025-10-21,13.0,39.0,17.0,2251,9,2025,October,4
2025-10-22,12.0,42.0,13.0,2261,12,2025,October,4
2025-10-23,4.0,27.0,26.0,2266,18,2025,October,4
2025-10-26,4.0,35.0,12.0,2276,10,2025,October,4
2025-10-27,2.0,31.0,8.0,2282,11,2025,October,4
2025-10-28,6.0,22.0,11.0,2286,6,2025,October,4
2025-10-29,6.0,25.0,4.0,2280,17,2025,October,4
2025-10-30,3.0,17.0,14.0,2287,12,2025,October,4
2025-11-02,5.0,21.0,10.0,2277,7,2025,November,4
2025-11-03,3.0,28.0,5.0,2269,12,2025,November,4
2025-11-04,6.0,33.0,6.0,2270,8,2025,November,4
2025-11-05,8.0,41.0,8.0,2272,7,2025,November,4
2025-11-06,6.0,33.0,9.0,2264,19,2025,November,4
2025-11-09,11.0,33.0,5.0,2294,4,2025,November,4
2025-11-11,11.0,39.0,12.0,2294,14,2025,November,4
2025-11-12,14.0,48.0,20.0,2302,7,2025,November,4
2025-11-13,6.0,26.0,16.0,2317,5,2025,November,4
2025-11-16,5.0,22.0,3.0,2340,5,2025,November,4
2025-11-17,1.0,35.0,6.0,2343,8,2025,November,4
2025-11-18,2.0,38.0,8.0,2345,12,2025,November,4
2025-11-19,7.0,32.0,3.0,2340,10,2025,November,4
2025-11-20,18.0,57.0,8.0,2340,9,2025,November,4
2025-11-23,3.0,46.0,22.0,2375,1,2025,November,4
2025-11-24,9.0,40.0,9.0,2371,13,2025,November,4
2025-11-25,6.0,47.0,14.0,2375,11,2025,November,4
2025-11-27,4.0,24.0,8.0,2389,7,2025,November,4
2025-11-30,4.0,18.0,10.0,2415,0,2025,November,4
2025-12-01,4.0,26.0,4.0,2410,9,2025,December,4
2025-12-02,7.0,34.0,6.0,2407,8,2025,December,4
2025-12-03,4.0,32.0,8.0,2419,7,2025,December,4
2025-12-04,16.0,39.0,7.0,2418,13,2025,December,4
2025-12-07,4.0,24.0,13.0,2429,12,2025,December,4
2025-12-08,9.0,27.0,9.0,2440,4,2025,December,4
2025-12-09,4.0,30.0,7.0,2443,8,2025,December,4
2025-12-10,10.0,54.0,5.0,2439,9,2025,December,4
2025-12-11,7.0,47.0,9.0,2437,10,2025,December,4
2025-12-14,8.0,35.0,4.0,2462,8,2025,December,4
2025-12-15,11.0,42.0,9.0,2470,7,2025,December,4
2025-12-16,8.0,54.0,15.0,2468,9,2025,December,4
2025-12-17,7.0,31.0,11.0,2481,10,2025,December,4
2025-12-18,11.0,50.0,6.0,2472,16,2025,December,4
2025-12-21,6.0,18.0,11.0,2484,14,2025,December,4
2025-12-22,8.0,26.0,4.0,2480,12,2025,December,4
2025-12-28,3.0,30.0,2.0,2444,4,2025,December,4
2025-12-29,2.0,26.0,1.0,2444,6,2025,December,4
2025-12-30,6.0,35.0,5.0,2442,7,2025,December,4
2026-01-01,2.0,18.0,2.0,2454,5,2026,January,1
2026-01-04,3.0,21.0,5.0,2452,5,2026,January,1
2026-01-05,5.0,29.0,2.0,2450,4,2026,January,1
2026-01-06,4.0,13.0,4.0,2450,7,2026,January,1
2026-01-07,2.0,18.0,4.0,2452,5,2026,January,1
2026-01-08,2.0,18.0,7.0,2453,6,2026,January,1
2026-01-11,1.0,18.0,2.0,2455,5,2026,January,1
2026-01-12,3.0,14.0,3.0,2452,8,2026,January,1
2026-01-13,1.0,26.0,3.0,2453,5,2026,January,1
2026-01-14,8.0,23.0,5.0,2453,11,2026,January,1
2026-01-15,5.0,24.0,10.0,2457,10,2026,January,1
2026-01-19,4.0,23.0,6.0,2463,7,2026,January,1
2026-01-20,9.0,30.0,7.0,2460,11,2026,January,1
2026-01-21,6.0,28.0,10.0,2465,4,2026,January,1
2026-01-22,3.0,30.0,8.0,2466,13,2026,January,1
2026-01-25,7.0,27.0,9.0,2458,2,2026,January,1
2026-01-26,5.0,16.0,5.0,2457,9,2026,January,1
2026-01-27,2.0,18.0,4.0,2456,6,2026,January,1
2026-01-28,9.0,36.0,6.0,2449,15,2026,January,1
2026-01-29,6.0,25.0,9.0,2445,11,2026,January,1
2026-02-01,2.0,26.0,7.0,2419,22,2026,February,1
2026-02-02,3.0,28.0,5.0,2413,17,2026,February,1
2026-02-03,3.0,37.0,4.0,2402,17,2026,February,1
2026-02-04,1.0,21.0,8.0,2396,14,2026,February,1
2026-02-05,4.0,30.0,3.0,2385,21,2026,February,1
2026-02-08,1.0,14.0,4.0,2364,9,2026,February,1
2026-02-09,10.0,24.0,2.0,2358,14,2026,February,1
2026-02-10,8.0,20.0,9.0,2357,8,2026,February,1
2026-02-12,5.0,27.0,5.0,2343,12,2026,February,1
2026-02-16,2.0,18.0,4.0,2324,6,2026,February,1
2026-02-17,5.0,25.0,3.0,2319,12,2026,February,1
2026-02-18,6.0,21.0,1.0,2314,10,2026,February,1
2026-02-19,3.0,31.0,11.0,2315,14,2026,February,1
2026-02-22,5.0,23.0,8.0,2317,10,2026,February,1
2026-02-23,3.0,20.0,5.0,2313,10,2026,February,1
2026-02-24,4.0,34.0,4.0,2310,11,2026,February,1
2026-02-25,4.0,29.0,5.0,2305,11,2026,February,1
2026-02-26,4.0,19.0,4.0,2298,12,2026,February,1
2026-03-01,7.0,28.0,8.0,2281,13,2026,March,1
2026-03-02,2.0,21.0,6.0,2282,8,2026,March,1
2026-03-03,7.0,28.0,6.0,2277,12,2026,March,1
2026-03-04,3.0,39.0,5.0,2260,25,2026,March,1
2026-03-05,3.0,31.0,5.0,2256,14,2026,March,1
2026-03-08,3.0,24.0,4.0,2227,7,2026,March,1
2026-03-09,3.0,20.0,3.0,2218,14,2026,March,1
2026-03-10,3.0,28.0,6.0,2200,25,2026,March,1
2026-03-11,7.0,43.0,3.0,2193,14,2026,March,1
2026-03-12,5.0,40.0,11.0,2188,16,2026,March,1
2026-03-15,2.0,37.0,3.0,2165,7,2026,March,1
2026-03-16,3.0,41.0,5.0,2154,12,2026,March,1
2026-03-17,1.0,26.0,5.0,2144,18,2026,March,1
2026-03-18,2.0,21.0,4.0,2134,17,2026,March,1
2026-03-19,5.0,35.0,1.0,2130,9,2026,March,1
2026-03-22,2.0,31.0,10.0,2137,6,2026,March,1
2026-03-23,3.0,19.0,7.0,2137,6,2026,March,1
2026-03-24,5.0,24.0,8.0,2109,14,2026,March,1
2026-03-25,4.0,36.0,9.0,2109,14,2026,March,1
2026-03-26,5.0,25.0,4.0,2104,11,2026,March,1
2026-03-29,3.0,32.0,10.0,2080,10,2026,March,1
2026-03-30,4.0,35.0,5.0,2077,9,2026,March,1
2026-03-31,4.0,46.0,4.0,2078,5,2026,March,1
2026-04-01,2.0,16.0,6.0,2071,13,2026,April,2
2026-04-02,4.0,29.0,5.0,2068,6,2026,April,2
2026-04-05,2.0,16.0,6.0,2055,9,2026,April,2
2026-04-06,1.0,19.0,3.0,2047,11,2026,April,2
2026-04-07,3.0,33.0,7.0,2034,19,2026,April,2
2026-04-08,7.0,40.0,2.0,2024,13,2026,April,2
2026-04-09,3.0,31.0,5.0,2023,10,2026,April,2
2026-04-12,2.0,39.0,7.0,2003,9,2026,April,2
2026-04-13,8.0,35.0,3.0,1989,17,2026,April,2
2026-04-14,6.0,26.0,9.0,1987,13,2026,April,2
2026-04-15,2.0,42.0,4.0,1973,21,2026,April,2
2026-04-16,4.0,36.0,8.0,1949,28,2026,April,2
2026-04-19,4.0,31.0,5.0,1932,7,2026,April,2
2026-04-20,6.0,39.0,2.0,1931,5,2026,April,2
2026-04-21,6.0,49.0,5.0,1925,14,2026,April,2
2026-04-22,7.0,32.0,14.0,1922,13,2026,April,2
2026-04-23,5.0,21.0,10.0,1926,14,2026,April,2
2026-04-26,4.0,24.0,11.0,1906,10,2026,April,2
2026-04-27,10.0,34.0,6.0,1898,16,2026,April,2
2026-04-28,5.0,32.0,8.0,1887,17,2026,April,2
2026-04-29,10.0,31.0,14.0,1890,8,2026,April,2
2026-04-30,5.0,27.0,7.0,1883,18,2026,April,2
2026-05-03,5.0,21.0,11.0,1867,15,2026,May,2
2026-05-04,7.0,28.0,8.0,1860,14,2026,May,2
2026-05-05,13.0,33.0,7.0,1861,12,2026,May,2
2026-05-06,14.0,51.0,15.0,1867,11,2026,May,2
2026-05-07,5.0,33.0,17.0,1870,16,2026,May,2
2026-05-10,4.0,28.0,7.0,1837,14,2026,May,2
2026-05-11,9.0,27.0,6.0,1829,18,2026,May,2
2026-05-12,4.0,23.0,15.0,1832,11,2026,May,2
2026-05-13,10.0,37.0,5.0,1822,19,2026,May,2
2026-05-14,3.0,27.0,14.0,1812,17,2026,May,2
2026-05-17,20.0,50.0,9.0,1779,10,2026,May,2
2026-05-18,6.0,32.0,23.0,1785,12,2026,May,2
2026-05-19,9.0,39.0,8.0,1784,14,2026,May,2
2026-05-20,10.0,37.0,12.0,1769,22,2026,May,2
2026-05-21,4.0,22.0,11.0,1766,19,2026,May,2
2026-05-25,17.0,37.0,9.0,1757,7,2026,May,2
2026-05-26,5.0,31.0,15.0,1764,4,2026,May,2
2026-05-27,7.0,43.0,7.0,1771,8,2026,May,2
2026-05-28,8.0,38.0,14.0,1773,7,2026,May,2
2026-05-31,8.0,27.0,12.0,1761,12,2026,May,2
2026-06-01,9.0,30.0,11.0,1765,10,2026,June,2
2026-06-02,7.0,30.0,12.0,1777,5,2026,June,2
2026-06-03,7.0,35.0,8.0,1769,16,2026,June,2
2026-06-04,3.0,36.0,9.0,1769,13,2026,June,2
2026-06-07,9.0,53.0,4.0,1757,7,2026,June,2
2026-06-08,9.0,34.0,10.0,1761,6,2026,June,2
2026-06-09,14.0,50.0,14.0,1767,8,2026,June,2
2026-06-10,14.0,64.0,12.0,1758,18,2026,June,2
2026-06-11,11.0,56.0,14.0,1765,8,2026,June,2
2026-06-14,9.0,10.0,40.0,1774,6,2026,June,2
2026-06-15,9.0,47.0,11.0,1784,3,2026,June,2
2026-06-16,6.0,49.0,10.0,1783,11,2026,June,2
2026-06-17,13.0,45.0,4.0,1783,9,2026,June,2
2026-06-21,9.0,36.0,8.0,1787,2,2026,June,2
2026-06-22,11.0,15.0,24.0,1806,3,2026,June,2
2026-06-23,7.0,37.0,8.0,1811,6,2026,June,2
2026-06-24,15.0,51.0,7.0,1808,17,2026,June,2
2026-06-25,5.0,38.0,16.0,1813,9,2026,June,2
2026-06-28,11.0,43.0,7.0,1827,5,2026,June,2
2026-06-29,6.0,28.0,15.0,1831,11,2026,June,2
2026-06-30,8.0,30.0,11.0,1829,18,2026,June,2
2026-07-01,4.0,30.0,7.0,1834,8,2026,July,3
2026-07-05,6.0,18.0,12.0,1840,6,2026,July,3
2026-07-06,13.0,37.0,5.0,1841,6,2026,July,3
2026-07-07,14.0,32.0,17.0,1850,11,2026,July,3
2026-07-08,8.0,31.0,9.0,1839,22,2026,July,3
2026-07-09,7.0,32.0,11.0,1837,18,2026,July,3
2026-07-12,8.0,19.0,14.0,1850,6,2026,July,3
2026-07-13,5.0,19.0,12.0,1857,11,2026,July,3
2026-07-14,9.0,26.0,5.0,1853,11,2026,July,3
2026-07-15,19.0,29.0,19.0,1856,14,2026,July,3
2026-07-16,9.0,26.0,21.0,1863,19,2026,July,3
2026-07-19,19.0,30.0,8.0,1857,5,2026,July,3
2026-07-20,3.0,24.0,15.0,1860,11,2026,July,3
2026-07-21,11.0,25.0,17.0,1870,10,2026,July,3
2026-07-22,6.0,23.0,10.0,1874,9,2026,July,3
2026-07-23,7.0,17.0,7.0,1868,16,2026,July,3
